{
  "run_id": "cd2fe8fac2ba495ea8143ed1a4231fae",
  "accuracy": 0.9666666666666667,
  "f1_score": 0.9665831244778613,
  "precision": 0.9696969696969696,
  "recall": 0.9666666666666667,
  "auc": 0.9933333333333333
}