{
  "accuracy": 0.9333333333333333,
  "f1_score": 0.9333333333333333,
  "precision": 0.9333333333333333,
  "recall": 0.9333333333333333,
  "auc": 0.9933333333333333
}